<?xml version="1.0" encoding="UTF-8"?>
<project-private xmlns="http://www.netbeans.org/ns/project-private/1">
    <editor-bookmarks xmlns="http://www.netbeans.org/ns/editor-bookmarks/2" lastBookmarkId="0"/>
    <open-files xmlns="http://www.netbeans.org/ns/projectui-open-files/2">
        <group>
            <file>file:/C:/Users/Cetecom/Documents/NetBeansProjects/CRUD/src/views/ListarPersona.java</file>
            <file>file:/C:/Users/Cetecom/Documents/NetBeansProjects/CRUD/src/controller/PersonaController.java</file>
            <file>file:/C:/Users/Cetecom/Documents/NetBeansProjects/CRUD/src/views/AgregarPersona.java</file>
            <file>file:/C:/Users/Cetecom/Documents/NetBeansProjects/CRUD/src/crud/CRUD.java</file>
            <file>file:/C:/Users/Cetecom/Documents/NetBeansProjects/CRUD/src/models/Persona.java</file>
        </group>
    </open-files>
</project-private>
