<?xml version="1.0" encoding="UTF-8"?>
<project-private xmlns="http://www.netbeans.org/ns/project-private/1">
    <editor-bookmarks xmlns="http://www.netbeans.org/ns/editor-bookmarks/2" lastBookmarkId="0"/>
    <open-files xmlns="http://www.netbeans.org/ns/projectui-open-files/2">
        <group>
            <file>file:/C:/Users/Cetecom/Desktop/DSY1102-008D/BASE_DATOS/src/views/AgregarVehiculo.java</file>
            <file>file:/C:/Users/Cetecom/Desktop/DSY1102-008D/BASE_DATOS/src/controller/VehiculoController.java</file>
            <file>file:/C:/Users/Cetecom/Desktop/DSY1102-008D/BASE_DATOS/src/bd/Conexion.java</file>
            <file>file:/C:/Users/Cetecom/Desktop/DSY1102-008D/BASE_DATOS/src/base_datos/BASE_DATOS.java</file>
            <file>file:/C:/Users/Cetecom/Desktop/DSY1102-008D/BASE_DATOS/src/views/ListarVehiculos.java</file>
            <file>file:/C:/Users/Cetecom/Desktop/DSY1102-008D/BASE_DATOS/src/controller/helperController.java</file>
            <file>file:/C:/Users/Cetecom/Desktop/DSY1102-008D/BASE_DATOS/src/views/EditarVehiculo.java</file>
            <file>file:/C:/Users/Cetecom/Desktop/DSY1102-008D/BASE_DATOS/src/models/Vehiculo.java</file>
        </group>
    </open-files>
</project-private>
